{
  "hash": "4dfa9e79",
  "configHash": "31a7f037",
  "lockfileHash": "698bd37f",
  "browserHash": "16a1328c",
  "optimized": {
    "@angular/common": {
      "src": "../../../../../node_modules/@angular/common/fesm2022/common.mjs",
      "file": "@angular_common.js",
      "fileHash": "f61ac00d",
      "needsInterop": false
    },
    "@angular/common/http": {
      "src": "../../../../../node_modules/@angular/common/fesm2022/http.mjs",
      "file": "@angular_common_http.js",
      "fileHash": "42d0b049",
      "needsInterop": false
    },
    "@angular/core": {
      "src": "../../../../../node_modules/@angular/core/fesm2022/core.mjs",
      "file": "@angular_core.js",
      "fileHash": "11a6abb1",
      "needsInterop": false
    },
    "@angular/forms": {
      "src": "../../../../../node_modules/@angular/forms/fesm2022/forms.mjs",
      "file": "@angular_forms.js",
      "fileHash": "5e4d0500",
      "needsInterop": false
    },
    "@angular/material/button": {
      "src": "../../../../../node_modules/@angular/material/fesm2022/button.mjs",
      "file": "@angular_material_button.js",
      "fileHash": "5f9c2b15",
      "needsInterop": false
    },
    "@angular/material/divider": {
      "src": "../../../../../node_modules/@angular/material/fesm2022/divider.mjs",
      "file": "@angular_material_divider.js",
      "fileHash": "8779b6c4",
      "needsInterop": false
    },
    "@angular/material/icon": {
      "src": "../../../../../node_modules/@angular/material/fesm2022/icon.mjs",
      "file": "@angular_material_icon.js",
      "fileHash": "0f303bbf",
      "needsInterop": false
    },
    "@angular/material/sidenav": {
      "src": "../../../../../node_modules/@angular/material/fesm2022/sidenav.mjs",
      "file": "@angular_material_sidenav.js",
      "fileHash": "8e2a591e",
      "needsInterop": false
    },
    "@angular/material/toolbar": {
      "src": "../../../../../node_modules/@angular/material/fesm2022/toolbar.mjs",
      "file": "@angular_material_toolbar.js",
      "fileHash": "0bd7107d",
      "needsInterop": false
    },
    "@angular/platform-browser": {
      "src": "../../../../../node_modules/@angular/platform-browser/fesm2022/platform-browser.mjs",
      "file": "@angular_platform-browser.js",
      "fileHash": "cd33ee3b",
      "needsInterop": false
    },
    "@angular/platform-browser/animations": {
      "src": "../../../../../node_modules/@angular/platform-browser/fesm2022/animations.mjs",
      "file": "@angular_platform-browser_animations.js",
      "fileHash": "a7fef8e7",
      "needsInterop": false
    },
    "@angular/platform-browser/animations/async": {
      "src": "../../../../../node_modules/@angular/platform-browser/fesm2022/animations/async.mjs",
      "file": "@angular_platform-browser_animations_async.js",
      "fileHash": "0d467b01",
      "needsInterop": false
    },
    "@angular/router": {
      "src": "../../../../../node_modules/@angular/router/fesm2022/router.mjs",
      "file": "@angular_router.js",
      "fileHash": "e9ae8687",
      "needsInterop": false
    },
    "ngx-toastr": {
      "src": "../../../../../node_modules/ngx-toastr/fesm2022/ngx-toastr.mjs",
      "file": "ngx-toastr.js",
      "fileHash": "260633bb",
      "needsInterop": false
    }
  },
  "chunks": {
    "browser-337D2KEU": {
      "file": "browser-337D2KEU.js"
    },
    "chunk-ZNT4WKZJ": {
      "file": "chunk-ZNT4WKZJ.js"
    },
    "chunk-KUEZ3KQL": {
      "file": "chunk-KUEZ3KQL.js"
    },
    "chunk-A64TGTWK": {
      "file": "chunk-A64TGTWK.js"
    },
    "chunk-A7EI7XZO": {
      "file": "chunk-A7EI7XZO.js"
    },
    "chunk-MK3MV3F6": {
      "file": "chunk-MK3MV3F6.js"
    },
    "chunk-2YHQTIJE": {
      "file": "chunk-2YHQTIJE.js"
    },
    "chunk-PEHN2YV5": {
      "file": "chunk-PEHN2YV5.js"
    }
  }
}